{"cameraMode":{"drawMode":0,"name":"Shaded","section":"Shading Mode"},"sceneLighting":false,"audioPlay":false,"sceneViewState":{"showFog":true,"showMaterialUpdate":false,"showSkybox":false,"showFlares":true,"showImageEffects":true,"showParticleSystems":true},"in2DMode":false,"pivot":{"x":-0.3865879774093628,"y":2.548496723175049,"z":3.8381476402282717},"rotation":{"x":-0.17637291550636292,"y":-0.011223000474274159,"z":0.002017153427004814,"w":-0.984266996383667},"size":5.453482627868652,"orthographic":false}