{"cameraMode":{"drawMode":0,"name":"Shaded","section":"Shading Mode"},"sceneLighting":true,"audioPlay":false,"sceneViewState":{"showFog":true,"showMaterialUpdate":false,"showSkybox":true,"showFlares":true,"showImageEffects":true,"showParticleSystems":true},"in2DMode":false,"pivot":{"x":2.21150279045105,"y":0.44132882356643679,"z":-3.0988516807556154},"rotation":{"x":-0.17637291550636292,"y":-0.011223000474274159,"z":0.002017153427004814,"w":-0.984266996383667},"size":11.931913375854493,"orthographic":false}